text,label,cleaned_text
fake article 40 word word word word word word word word word word word word word word word word word word word word word word word word word word word word word word word word word word word word word word word word,0,fake article word word word word word word word word word word word word word word word word word word word word word word word word word word word word word word word word word word word word word word word word
real article 60 fact fact fact fact fact fact fact fact fact fact fact fact fact fact fact fact fact fact fact fact fact fact fact fact fact fact fact fact fact fact fact fact fact fact fact fact fact fact fact fact,1,real article fact fact fact fact fact fact fact fact fact fact fact fact fact fact fact fact fact fact fact fact fact fact fact fact fact fact fact fact fact fact fact fact fact fact fact fact fact fact fact fact
real article 88 fact fact fact fact fact fact fact fact fact fact fact fact fact fact fact fact fact fact fact fact fact fact fact fact fact fact fact fact fact fact fact fact fact fact fact fact fact fact fact fact,1,real article fact fact fact fact fact fact fact fact fact fact fact fact fact fact fact fact fact fact fact fact fact fact fact fact fact fact fact fact fact fact fact fact fact fact fact fact fact fact fact fact
fake article 37 word word word word word word word word word word word word word word word word word word word word word word word word word word word word word word word word word word word word word word word word,0,fake article word word word word word word word word word word word word word word word word word word word word word word word word word word word word word word word word word word word word word word word word
real article 67 fact fact fact fact fact fact fact fact fact fact fact fact fact fact fact fact fact fact fact fact fact fact fact fact fact fact fact fact fact fact fact fact fact fact fact fact fact fact fact fact,1,real article fact fact fact fact fact fact fact fact fact fact fact fact fact fact fact fact fact fact fact fact fact fact fact fact fact fact fact fact fact fact fact fact fact fact fact fact fact fact fact fact
real article 12 fact fact fact fact fact fact fact fact fact fact fact fact fact fact fact fact fact fact fact fact fact fact fact fact fact fact fact fact fact fact fact fact fact fact fact fact fact fact fact fact,1,real article fact fact fact fact fact fact fact fact fact fact fact fact fact fact fact fact fact fact fact fact fact fact fact fact fact fact fact fact fact fact fact fact fact fact fact fact fact fact fact fact
real article 77 fact fact fact fact fact fact fact fact fact fact fact fact fact fact fact fact fact fact fact fact fact fact fact fact fact fact fact fact fact fact fact fact fact fact fact fact fact fact fact fact,1,real article fact fact fact fact fact fact fact fact fact fact fact fact fact fact fact fact fact fact fact fact fact fact fact fact fact fact fact fact fact fact fact fact fact fact fact fact fact fact fact fact
fake article 33 word word word word word word word word word word word word word word word word word word word word word word word word word word word word word word word word word word word word word word word word,0,fake article word word word word word word word word word word word word word word word word word word word word word word word word word word word word word word word word word word word word word word word word
real article 75 fact fact fact fact fact fact fact fact fact fact fact fact fact fact fact fact fact fact fact fact fact fact fact fact fact fact fact fact fact fact fact fact fact fact fact fact fact fact fact fact,1,real article fact fact fact fact fact fact fact fact fact fact fact fact fact fact fact fact fact fact fact fact fact fact fact fact fact fact fact fact fact fact fact fact fact fact fact fact fact fact fact fact
fake article 0 word word word word word word word word word word word word word word word word word word word word word word word word word word word word word word word word word word word word word word word word,0,fake article word word word word word word word word word word word word word word word word word word word word word word word word word word word word word word word word word word word word word word word word
real article 61 fact fact fact fact fact fact fact fact fact fact fact fact fact fact fact fact fact fact fact fact fact fact fact fact fact fact fact fact fact fact fact fact fact fact fact fact fact fact fact fact,1,real article fact fact fact fact fact fact fact fact fact fact fact fact fact fact fact fact fact fact fact fact fact fact fact fact fact fact fact fact fact fact fact fact fact fact fact fact fact fact fact fact
real article 13 fact fact fact fact fact fact fact fact fact fact fact fact fact fact fact fact fact fact fact fact fact fact fact fact fact fact fact fact fact fact fact fact fact fact fact fact fact fact fact fact,1,real article fact fact fact fact fact fact fact fact fact fact fact fact fact fact fact fact fact fact fact fact fact fact fact fact fact fact fact fact fact fact fact fact fact fact fact fact fact fact fact fact
fake article 69 word word word word word word word word word word word word word word word word word word word word word word word word word word word word word word word word word word word word word word word word,0,fake article word word word word word word word word word word word word word word word word word word word word word word word word word word word word word word word word word word word word word word word word
fake article 35 word word word word word word word word word word word word word word word word word word word word word word word word word word word word word word word word word word word word word word word word,0,fake article word word word word word word word word word word word word word word word word word word word word word word word word word word word word word word word word word word word word word word word word
real article 42 fact fact fact fact fact fact fact fact fact fact fact fact fact fact fact fact fact fact fact fact fact fact fact fact fact fact fact fact fact fact fact fact fact fact fact fact fact fact fact fact,1,real article fact fact fact fact fact fact fact fact fact fact fact fact fact fact fact fact fact fact fact fact fact fact fact fact fact fact fact fact fact fact fact fact fact fact fact fact fact fact fact fact
real article 25 fact fact fact fact fact fact fact fact fact fact fact fact fact fact fact fact fact fact fact fact fact fact fact fact fact fact fact fact fact fact fact fact fact fact fact fact fact fact fact fact,1,real article fact fact fact fact fact fact fact fact fact fact fact fact fact fact fact fact fact fact fact fact fact fact fact fact fact fact fact fact fact fact fact fact fact fact fact fact fact fact fact fact
real article 38 fact fact fact fact fact fact fact fact fact fact fact fact fact fact fact fact fact fact fact fact fact fact fact fact fact fact fact fact fact fact fact fact fact fact fact fact fact fact fact fact,1,real article fact fact fact fact fact fact fact fact fact fact fact fact fact fact fact fact fact fact fact fact fact fact fact fact fact fact fact fact fact fact fact fact fact fact fact fact fact fact fact fact
real article 35 fact fact fact fact fact fact fact fact fact fact fact fact fact fact fact fact fact fact fact fact fact fact fact fact fact fact fact fact fact fact fact fact fact fact fact fact fact fact fact fact,1,real article fact fact fact fact fact fact fact fact fact fact fact fact fact fact fact fact fact fact fact fact fact fact fact fact fact fact fact fact fact fact fact fact fact fact fact fact fact fact fact fact
real article 52 fact fact fact fact fact fact fact fact fact fact fact fact fact fact fact fact fact fact fact fact fact fact fact fact fact fact fact fact fact fact fact fact fact fact fact fact fact fact fact fact,1,real article fact fact fact fact fact fact fact fact fact fact fact fact fact fact fact fact fact fact fact fact fact fact fact fact fact fact fact fact fact fact fact fact fact fact fact fact fact fact fact fact
real article 59 fact fact fact fact fact fact fact fact fact fact fact fact fact fact fact fact fact fact fact fact fact fact fact fact fact fact fact fact fact fact fact fact fact fact fact fact fact fact fact fact,1,real article fact fact fact fact fact fact fact fact fact fact fact fact fact fact fact fact fact fact fact fact fact fact fact fact fact fact fact fact fact fact fact fact fact fact fact fact fact fact fact fact
fake article 47 word word word word word word word word word word word word word word word word word word word word word word word word word word word word word word word word word word word word word word word word,0,fake article word word word word word word word word word word word word word word word word word word word word word word word word word word word word word word word word word word word word word word word word
fake article 97 word word word word word word word word word word word word word word word word word word word word word word word word word word word word word word word word word word word word word word word word,0,fake article word word word word word word word word word word word word word word word word word word word word word word word word word word word word word word word word word word word word word word word word
real article 20 fact fact fact fact fact fact fact fact fact fact fact fact fact fact fact fact fact fact fact fact fact fact fact fact fact fact fact fact fact fact fact fact fact fact fact fact fact fact fact fact,1,real article fact fact fact fact fact fact fact fact fact fact fact fact fact fact fact fact fact fact fact fact fact fact fact fact fact fact fact fact fact fact fact fact fact fact fact fact fact fact fact fact
fake article 15 word word word word word word word word word word word word word word word word word word word word word word word word word word word word word word word word word word word word word word word word,0,fake article word word word word word word word word word word word word word word word word word word word word word word word word word word word word word word word word word word word word word word word word
fake article 16 word word word word word word word word word word word word word word word word word word word word word word word word word word word word word word word word word word word word word word word word,0,fake article word word word word word word word word word word word word word word word word word word word word word word word word word word word word word word word word word word word word word word word word
real article 62 fact fact fact fact fact fact fact fact fact fact fact fact fact fact fact fact fact fact fact fact fact fact fact fact fact fact fact fact fact fact fact fact fact fact fact fact fact fact fact fact,1,real article fact fact fact fact fact fact fact fact fact fact fact fact fact fact fact fact fact fact fact fact fact fact fact fact fact fact fact fact fact fact fact fact fact fact fact fact fact fact fact fact
real article 47 fact fact fact fact fact fact fact fact fact fact fact fact fact fact fact fact fact fact fact fact fact fact fact fact fact fact fact fact fact fact fact fact fact fact fact fact fact fact fact fact,1,real article fact fact fact fact fact fact fact fact fact fact fact fact fact fact fact fact fact fact fact fact fact fact fact fact fact fact fact fact fact fact fact fact fact fact fact fact fact fact fact fact
fake article 66 word word word word word word word word word word word word word word word word word word word word word word word word word word word word word word word word word word word word word word word word,0,fake article word word word word word word word word word word word word word word word word word word word word word word word word word word word word word word word word word word word word word word word word
real article 53 fact fact fact fact fact fact fact fact fact fact fact fact fact fact fact fact fact fact fact fact fact fact fact fact fact fact fact fact fact fact fact fact fact fact fact fact fact fact fact fact,1,real article fact fact fact fact fact fact fact fact fact fact fact fact fact fact fact fact fact fact fact fact fact fact fact fact fact fact fact fact fact fact fact fact fact fact fact fact fact fact fact fact
real article 92 fact fact fact fact fact fact fact fact fact fact fact fact fact fact fact fact fact fact fact fact fact fact fact fact fact fact fact fact fact fact fact fact fact fact fact fact fact fact fact fact,1,real article fact fact fact fact fact fact fact fact fact fact fact fact fact fact fact fact fact fact fact fact fact fact fact fact fact fact fact fact fact fact fact fact fact fact fact fact fact fact fact fact
fake article 99 word word word word word word word word word word word word word word word word word word word word word word word word word word word word word word word word word word word word word word word word,0,fake article word word word word word word word word word word word word word word word word word word word word word word word word word word word word word word word word word word word word word word word word
real article 46 fact fact fact fact fact fact fact fact fact fact fact fact fact fact fact fact fact fact fact fact fact fact fact fact fact fact fact fact fact fact fact fact fact fact fact fact fact fact fact fact,1,real article fact fact fact fact fact fact fact fact fact fact fact fact fact fact fact fact fact fact fact fact fact fact fact fact fact fact fact fact fact fact fact fact fact fact fact fact fact fact fact fact
fake article 44 word word word word word word word word word word word word word word word word word word word word word word word word word word word word word word word word word word word word word word word word,0,fake article word word word word word word word word word word word word word word word word word word word word word word word word word word word word word word word word word word word word word word word word
fake article 68 word word word word word word word word word word word word word word word word word word word word word word word word word word word word word word word word word word word word word word word word,0,fake article word word word word word word word word word word word word word word word word word word word word word word word word word word word word word word word word word word word word word word word word
fake article 41 word word word word word word word word word word word word word word word word word word word word word word word word word word word word word word word word word word word word word word word word,0,fake article word word word word word word word word word word word word word word word word word word word word word word word word word word word word word word word word word word word word word word word word
fake article 54 word word word word word word word word word word word word word word word word word word word word word word word word word word word word word word word word word word word word word word word word,0,fake article word word word word word word word word word word word word word word word word word word word word word word word word word word word word word word word word word word word word word word word word
fake article 80 word word word word word word word word word word word word word word word word word word word word word word word word word word word word word word word word word word word word word word word word,0,fake article word word word word word word word word word word word word word word word word word word word word word word word word word word word word word word word word word word word word word word word word
fake article 31 word word word word word word word word word word word word word word word word word word word word word word word word word word word word word word word word word word word word word word word word,0,fake article word word word word word word word word word word word word word word word word word word word word word word word word word word word word word word word word word word word word word word word word
fake article 96 word word word word word word word word word word word word word word word word word word word word word word word word word word word word word word word word word word word word word word word word,0,fake article word word word word word word word word word word word word word word word word word word word word word word word word word word word word word word word word word word word word word word word word
fake article 83 word word word word word word word word word word word word word word word word word word word word word word word word word word word word word word word word word word word word word word word word,0,fake article word word word word word word word word word word word word word word word word word word word word word word word word word word word word word word word word word word word word word word word word
fake article 5 word word word word word word word word word word word word word word word word word word word word word word word word word word word word word word word word word word word word word word word word,0,fake article word word word word word word word word word word word word word word word word word word word word word word word word word word word word word word word word word word word word word word word word
fake article 75 word word word word word word word word word word word word word word word word word word word word word word word word word word word word word word word word word word word word word word word word,0,fake article word word word word word word word word word word word word word word word word word word word word word word word word word word word word word word word word word word word word word word word word
fake article 26 word word word word word word word word word word word word word word word word word word word word word word word word word word word word word word word word word word word word word word word word,0,fake article word word word word word word word word word word word word word word word word word word word word word word word word word word word word word word word word word word word word word word word word
real article 10 fact fact fact fact fact fact fact fact fact fact fact fact fact fact fact fact fact fact fact fact fact fact fact fact fact fact fact fact fact fact fact fact fact fact fact fact fact fact fact fact,1,real article fact fact fact fact fact fact fact fact fact fact fact fact fact fact fact fact fact fact fact fact fact fact fact fact fact fact fact fact fact fact fact fact fact fact fact fact fact fact fact fact
fake article 89 word word word word word word word word word word word word word word word word word word word word word word word word word word word word word word word word word word word word word word word word,0,fake article word word word word word word word word word word word word word word word word word word word word word word word word word word word word word word word word word word word word word word word word
fake article 4 word word word word word word word word word word word word word word word word word word word word word word word word word word word word word word word word word word word word word word word word,0,fake article word word word word word word word word word word word word word word word word word word word word word word word word word word word word word word word word word word word word word word word word
real article 43 fact fact fact fact fact fact fact fact fact fact fact fact fact fact fact fact fact fact fact fact fact fact fact fact fact fact fact fact fact fact fact fact fact fact fact fact fact fact fact fact,1,real article fact fact fact fact fact fact fact fact fact fact fact fact fact fact fact fact fact fact fact fact fact fact fact fact fact fact fact fact fact fact fact fact fact fact fact fact fact fact fact fact
fake article 85 word word word word word word word word word word word word word word word word word word word word word word word word word word word word word word word word word word word word word word word word,0,fake article word word word word word word word word word word word word word word word word word word word word word word word word word word word word word word word word word word word word word word word word
real article 16 fact fact fact fact fact fact fact fact fact fact fact fact fact fact fact fact fact fact fact fact fact fact fact fact fact fact fact fact fact fact fact fact fact fact fact fact fact fact fact fact,1,real article fact fact fact fact fact fact fact fact fact fact fact fact fact fact fact fact fact fact fact fact fact fact fact fact fact fact fact fact fact fact fact fact fact fact fact fact fact fact fact fact
real article 30 fact fact fact fact fact fact fact fact fact fact fact fact fact fact fact fact fact fact fact fact fact fact fact fact fact fact fact fact fact fact fact fact fact fact fact fact fact fact fact fact,1,real article fact fact fact fact fact fact fact fact fact fact fact fact fact fact fact fact fact fact fact fact fact fact fact fact fact fact fact fact fact fact fact fact fact fact fact fact fact fact fact fact
real article 49 fact fact fact fact fact fact fact fact fact fact fact fact fact fact fact fact fact fact fact fact fact fact fact fact fact fact fact fact fact fact fact fact fact fact fact fact fact fact fact fact,1,real article fact fact fact fact fact fact fact fact fact fact fact fact fact fact fact fact fact fact fact fact fact fact fact fact fact fact fact fact fact fact fact fact fact fact fact fact fact fact fact fact
fake article 13 word word word word word word word word word word word word word word word word word word word word word word word word word word word word word word word word word word word word word word word word,0,fake article word word word word word word word word word word word word word word word word word word word word word word word word word word word word word word word word word word word word word word word word
fake article 46 word word word word word word word word word word word word word word word word word word word word word word word word word word word word word word word word word word word word word word word word,0,fake article word word word word word word word word word word word word word word word word word word word word word word word word word word word word word word word word word word word word word word word word
real article 84 fact fact fact fact fact fact fact fact fact fact fact fact fact fact fact fact fact fact fact fact fact fact fact fact fact fact fact fact fact fact fact fact fact fact fact fact fact fact fact fact,1,real article fact fact fact fact fact fact fact fact fact fact fact fact fact fact fact fact fact fact fact fact fact fact fact fact fact fact fact fact fact fact fact fact fact fact fact fact fact fact fact fact
fake article 29 word word word word word word word word word word word word word word word word word word word word word word word word word word word word word word word word word word word word word word word word,0,fake article word word word word word word word word word word word word word word word word word word word word word word word word word word word word word word word word word word word word word word word word
fake article 90 word word word word word word word word word word word word word word word word word word word word word word word word word word word word word word word word word word word word word word word word,0,fake article word word word word word word word word word word word word word word word word word word word word word word word word word word word word word word word word word word word word word word word word
real article 68 fact fact fact fact fact fact fact fact fact fact fact fact fact fact fact fact fact fact fact fact fact fact fact fact fact fact fact fact fact fact fact fact fact fact fact fact fact fact fact fact,1,real article fact fact fact fact fact fact fact fact fact fact fact fact fact fact fact fact fact fact fact fact fact fact fact fact fact fact fact fact fact fact fact fact fact fact fact fact fact fact fact fact
fake article 25 word word word word word word word word word word word word word word word word word word word word word word word word word word word word word word word word word word word word word word word word,0,fake article word word word word word word word word word word word word word word word word word word word word word word word word word word word word word word word word word word word word word word word word
fake article 42 word word word word word word word word word word word word word word word word word word word word word word word word word word word word word word word word word word word word word word word word,0,fake article word word word word word word word word word word word word word word word word word word word word word word word word word word word word word word word word word word word word word word word word
real article 3 fact fact fact fact fact fact fact fact fact fact fact fact fact fact fact fact fact fact fact fact fact fact fact fact fact fact fact fact fact fact fact fact fact fact fact fact fact fact fact fact,1,real article fact fact fact fact fact fact fact fact fact fact fact fact fact fact fact fact fact fact fact fact fact fact fact fact fact fact fact fact fact fact fact fact fact fact fact fact fact fact fact fact
fake article 38 word word word word word word word word word word word word word word word word word word word word word word word word word word word word word word word word word word word word word word word word,0,fake article word word word word word word word word word word word word word word word word word word word word word word word word word word word word word word word word word word word word word word word word
fake article 34 word word word word word word word word word word word word word word word word word word word word word word word word word word word word word word word word word word word word word word word word,0,fake article word word word word word word word word word word word word word word word word word word word word word word word word word word word word word word word word word word word word word word word word
real article 78 fact fact fact fact fact fact fact fact fact fact fact fact fact fact fact fact fact fact fact fact fact fact fact fact fact fact fact fact fact fact fact fact fact fact fact fact fact fact fact fact,1,real article fact fact fact fact fact fact fact fact fact fact fact fact fact fact fact fact fact fact fact fact fact fact fact fact fact fact fact fact fact fact fact fact fact fact fact fact fact fact fact fact
fake article 32 word word word word word word word word word word word word word word word word word word word word word word word word word word word word word word word word word word word word word word word word,0,fake article word word word word word word word word word word word word word word word word word word word word word word word word word word word word word word word word word word word word word word word word
fake article 72 word word word word word word word word word word word word word word word word word word word word word word word word word word word word word word word word word word word word word word word word,0,fake article word word word word word word word word word word word word word word word word word word word word word word word word word word word word word word word word word word word word word word word word
fake article 88 word word word word word word word word word word word word word word word word word word word word word word word word word word word word word word word word word word word word word word word word,0,fake article word word word word word word word word word word word word word word word word word word word word word word word word word word word word word word word word word word word word word word word word
fake article 95 word word word word word word word word word word word word word word word word word word word word word word word word word word word word word word word word word word word word word word word word,0,fake article word word word word word word word word word word word word word word word word word word word word word word word word word word word word word word word word word word word word word word word word
fake article 43 word word word word word word word word word word word word word word word word word word word word word word word word word word word word word word word word word word word word word word word word,0,fake article word word word word word word word word word word word word word word word word word word word word word word word word word word word word word word word word word word word word word word word word
fake article 64 word word word word word word word word word word word word word word word word word word word word word word word word word word word word word word word word word word word word word word word word,0,fake article word word word word word word word word word word word word word word word word word word word word word word word word word word word word word word word word word word word word word word word word
fake article 39 word word word word word word word word word word word word word word word word word word word word word word word word word word word word word word word word word word word word word word word word,0,fake article word word word word word word word word word word word word word word word word word word word word word word word word word word word word word word word word word word word word word word word word
real article 8 fact fact fact fact fact fact fact fact fact fact fact fact fact fact fact fact fact fact fact fact fact fact fact fact fact fact fact fact fact fact fact fact fact fact fact fact fact fact fact fact,1,real article fact fact fact fact fact fact fact fact fact fact fact fact fact fact fact fact fact fact fact fact fact fact fact fact fact fact fact fact fact fact fact fact fact fact fact fact fact fact fact fact
real article 28 fact fact fact fact fact fact fact fact fact fact fact fact fact fact fact fact fact fact fact fact fact fact fact fact fact fact fact fact fact fact fact fact fact fact fact fact fact fact fact fact,1,real article fact fact fact fact fact fact fact fact fact fact fact fact fact fact fact fact fact fact fact fact fact fact fact fact fact fact fact fact fact fact fact fact fact fact fact fact fact fact fact fact
fake article 61 word word word word word word word word word word word word word word word word word word word word word word word word word word word word word word word word word word word word word word word word,0,fake article word word word word word word word word word word word word word word word word word word word word word word word word word word word word word word word word word word word word word word word word
fake article 11 word word word word word word word word word word word word word word word word word word word word word word word word word word word word word word word word word word word word word word word word,0,fake article word word word word word word word word word word word word word word word word word word word word word word word word word word word word word word word word word word word word word word word word
real article 21 fact fact fact fact fact fact fact fact fact fact fact fact fact fact fact fact fact fact fact fact fact fact fact fact fact fact fact fact fact fact fact fact fact fact fact fact fact fact fact fact,1,real article fact fact fact fact fact fact fact fact fact fact fact fact fact fact fact fact fact fact fact fact fact fact fact fact fact fact fact fact fact fact fact fact fact fact fact fact fact fact fact fact
real article 95 fact fact fact fact fact fact fact fact fact fact fact fact fact fact fact fact fact fact fact fact fact fact fact fact fact fact fact fact fact fact fact fact fact fact fact fact fact fact fact fact,1,real article fact fact fact fact fact fact fact fact fact fact fact fact fact fact fact fact fact fact fact fact fact fact fact fact fact fact fact fact fact fact fact fact fact fact fact fact fact fact fact fact
real article 33 fact fact fact fact fact fact fact fact fact fact fact fact fact fact fact fact fact fact fact fact fact fact fact fact fact fact fact fact fact fact fact fact fact fact fact fact fact fact fact fact,1,real article fact fact fact fact fact fact fact fact fact fact fact fact fact fact fact fact fact fact fact fact fact fact fact fact fact fact fact fact fact fact fact fact fact fact fact fact fact fact fact fact
real article 71 fact fact fact fact fact fact fact fact fact fact fact fact fact fact fact fact fact fact fact fact fact fact fact fact fact fact fact fact fact fact fact fact fact fact fact fact fact fact fact fact,1,real article fact fact fact fact fact fact fact fact fact fact fact fact fact fact fact fact fact fact fact fact fact fact fact fact fact fact fact fact fact fact fact fact fact fact fact fact fact fact fact fact
real article 39 fact fact fact fact fact fact fact fact fact fact fact fact fact fact fact fact fact fact fact fact fact fact fact fact fact fact fact fact fact fact fact fact fact fact fact fact fact fact fact fact,1,real article fact fact fact fact fact fact fact fact fact fact fact fact fact fact fact fact fact fact fact fact fact fact fact fact fact fact fact fact fact fact fact fact fact fact fact fact fact fact fact fact
real article 29 fact fact fact fact fact fact fact fact fact fact fact fact fact fact fact fact fact fact fact fact fact fact fact fact fact fact fact fact fact fact fact fact fact fact fact fact fact fact fact fact,1,real article fact fact fact fact fact fact fact fact fact fact fact fact fact fact fact fact fact fact fact fact fact fact fact fact fact fact fact fact fact fact fact fact fact fact fact fact fact fact fact fact
real article 87 fact fact fact fact fact fact fact fact fact fact fact fact fact fact fact fact fact fact fact fact fact fact fact fact fact fact fact fact fact fact fact fact fact fact fact fact fact fact fact fact,1,real article fact fact fact fact fact fact fact fact fact fact fact fact fact fact fact fact fact fact fact fact fact fact fact fact fact fact fact fact fact fact fact fact fact fact fact fact fact fact fact fact
real article 86 fact fact fact fact fact fact fact fact fact fact fact fact fact fact fact fact fact fact fact fact fact fact fact fact fact fact fact fact fact fact fact fact fact fact fact fact fact fact fact fact,1,real article fact fact fact fact fact fact fact fact fact fact fact fact fact fact fact fact fact fact fact fact fact fact fact fact fact fact fact fact fact fact fact fact fact fact fact fact fact fact fact fact
fake article 7 word word word word word word word word word word word word word word word word word word word word word word word word word word word word word word word word word word word word word word word word,0,fake article word word word word word word word word word word word word word word word word word word word word word word word word word word word word word word word word word word word word word word word word
fake article 98 word word word word word word word word word word word word word word word word word word word word word word word word word word word word word word word word word word word word word word word word,0,fake article word word word word word word word word word word word word word word word word word word word word word word word word word word word word word word word word word word word word word word word word
fake article 24 word word word word word word word word word word word word word word word word word word word word word word word word word word word word word word word word word word word word word word word word,0,fake article word word word word word word word word word word word word word word word word word word word word word word word word word word word word word word word word word word word word word word word word
real article 36 fact fact fact fact fact fact fact fact fact fact fact fact fact fact fact fact fact fact fact fact fact fact fact fact fact fact fact fact fact fact fact fact fact fact fact fact fact fact fact fact,1,real article fact fact fact fact fact fact fact fact fact fact fact fact fact fact fact fact fact fact fact fact fact fact fact fact fact fact fact fact fact fact fact fact fact fact fact fact fact fact fact fact
real article 94 fact fact fact fact fact fact fact fact fact fact fact fact fact fact fact fact fact fact fact fact fact fact fact fact fact fact fact fact fact fact fact fact fact fact fact fact fact fact fact fact,1,real article fact fact fact fact fact fact fact fact fact fact fact fact fact fact fact fact fact fact fact fact fact fact fact fact fact fact fact fact fact fact fact fact fact fact fact fact fact fact fact fact
fake article 2 word word word word word word word word word word word word word word word word word word word word word word word word word word word word word word word word word word word word word word word word,0,fake article word word word word word word word word word word word word word word word word word word word word word word word word word word word word word word word word word word word word word word word word
real article 14 fact fact fact fact fact fact fact fact fact fact fact fact fact fact fact fact fact fact fact fact fact fact fact fact fact fact fact fact fact fact fact fact fact fact fact fact fact fact fact fact,1,real article fact fact fact fact fact fact fact fact fact fact fact fact fact fact fact fact fact fact fact fact fact fact fact fact fact fact fact fact fact fact fact fact fact fact fact fact fact fact fact fact
real article 56 fact fact fact fact fact fact fact fact fact fact fact fact fact fact fact fact fact fact fact fact fact fact fact fact fact fact fact fact fact fact fact fact fact fact fact fact fact fact fact fact,1,real article fact fact fact fact fact fact fact fact fact fact fact fact fact fact fact fact fact fact fact fact fact fact fact fact fact fact fact fact fact fact fact fact fact fact fact fact fact fact fact fact
fake article 57 word word word word word word word word word word word word word word word word word word word word word word word word word word word word word word word word word word word word word word word word,0,fake article word word word word word word word word word word word word word word word word word word word word word word word word word word word word word word word word word word word word word word word word
real article 57 fact fact fact fact fact fact fact fact fact fact fact fact fact fact fact fact fact fact fact fact fact fact fact fact fact fact fact fact fact fact fact fact fact fact fact fact fact fact fact fact,1,real article fact fact fact fact fact fact fact fact fact fact fact fact fact fact fact fact fact fact fact fact fact fact fact fact fact fact fact fact fact fact fact fact fact fact fact fact fact fact fact fact
fake article 28 word word word word word word word word word word word word word word word word word word word word word word word word word word word word word word word word word word word word word word word word,0,fake article word word word word word word word word word word word word word word word word word word word word word word word word word word word word word word word word word word word word word word word word
fake article 45 word word word word word word word word word word word word word word word word word word word word word word word word word word word word word word word word word word word word word word word word,0,fake article word word word word word word word word word word word word word word word word word word word word word word word word word word word word word word word word word word word word word word word word
fake article 94 word word word word word word word word word word word word word word word word word word word word word word word word word word word word word word word word word word word word word word word word,0,fake article word word word word word word word word word word word word word word word word word word word word word word word word word word word word word word word word word word word word word word word word
real article 69 fact fact fact fact fact fact fact fact fact fact fact fact fact fact fact fact fact fact fact fact fact fact fact fact fact fact fact fact fact fact fact fact fact fact fact fact fact fact fact fact,1,real article fact fact fact fact fact fact fact fact fact fact fact fact fact fact fact fact fact fact fact fact fact fact fact fact fact fact fact fact fact fact fact fact fact fact fact fact fact fact fact fact
fake article 73 word word word word word word word word word word word word word word word word word word word word word word word word word word word word word word word word word word word word word word word word,0,fake article word word word word word word word word word word word word word word word word word word word word word word word word word word word word word word word word word word word word word word word word
fake article 22 word word word word word word word word word word word word word word word word word word word word word word word word word word word word word word word word word word word word word word word word,0,fake article word word word word word word word word word word word word word word word word word word word word word word word word word word word word word word word word word word word word word word word word
fake article 62 word word word word word word word word word word word word word word word word word word word word word word word word word word word word word word word word word word word word word word word word,0,fake article word word word word word word word word word word word word word word word word word word word word word word word word word word word word word word word word word word word word word word word word
real article 18 fact fact fact fact fact fact fact fact fact fact fact fact fact fact fact fact fact fact fact fact fact fact fact fact fact fact fact fact fact fact fact fact fact fact fact fact fact fact fact fact,1,real article fact fact fact fact fact fact fact fact fact fact fact fact fact fact fact fact fact fact fact fact fact fact fact fact fact fact fact fact fact fact fact fact fact fact fact fact fact fact fact fact
fake article 17 word word word word word word word word word word word word word word word word word word word word word word word word word word word word word word word word word word word word word word word word,0,fake article word word word word word word word word word word word word word word word word word word word word word word word word word word word word word word word word word word word word word word word word
real article 93 fact fact fact fact fact fact fact fact fact fact fact fact fact fact fact fact fact fact fact fact fact fact fact fact fact fact fact fact fact fact fact fact fact fact fact fact fact fact fact fact,1,real article fact fact fact fact fact fact fact fact fact fact fact fact fact fact fact fact fact fact fact fact fact fact fact fact fact fact fact fact fact fact fact fact fact fact fact fact fact fact fact fact
fake article 3 word word word word word word word word word word word word word word word word word word word word word word word word word word word word word word word word word word word word word word word word,0,fake article word word word word word word word word word word word word word word word word word word word word word word word word word word word word word word word word word word word word word word word word
fake article 12 word word word word word word word word word word word word word word word word word word word word word word word word word word word word word word word word word word word word word word word word,0,fake article word word word word word word word word word word word word word word word word word word word word word word word word word word word word word word word word word word word word word word word word
real article 79 fact fact fact fact fact fact fact fact fact fact fact fact fact fact fact fact fact fact fact fact fact fact fact fact fact fact fact fact fact fact fact fact fact fact fact fact fact fact fact fact,1,real article fact fact fact fact fact fact fact fact fact fact fact fact fact fact fact fact fact fact fact fact fact fact fact fact fact fact fact fact fact fact fact fact fact fact fact fact fact fact fact fact
real article 5 fact fact fact fact fact fact fact fact fact fact fact fact fact fact fact fact fact fact fact fact fact fact fact fact fact fact fact fact fact fact fact fact fact fact fact fact fact fact fact fact,1,real article fact fact fact fact fact fact fact fact fact fact fact fact fact fact fact fact fact fact fact fact fact fact fact fact fact fact fact fact fact fact fact fact fact fact fact fact fact fact fact fact
real article 74 fact fact fact fact fact fact fact fact fact fact fact fact fact fact fact fact fact fact fact fact fact fact fact fact fact fact fact fact fact fact fact fact fact fact fact fact fact fact fact fact,1,real article fact fact fact fact fact fact fact fact fact fact fact fact fact fact fact fact fact fact fact fact fact fact fact fact fact fact fact fact fact fact fact fact fact fact fact fact fact fact fact fact
fake article 18 word word word word word word word word word word word word word word word word word word word word word word word word word word word word word word word word word word word word word word word word,0,fake article word word word word word word word word word word word word word word word word word word word word word word word word word word word word word word word word word word word word word word word word
fake article 27 word word word word word word word word word word word word word word word word word word word word word word word word word word word word word word word word word word word word word word word word,0,fake article word word word word word word word word word word word word word word word word word word word word word word word word word word word word word word word word word word word word word word word word
real article 81 fact fact fact fact fact fact fact fact fact fact fact fact fact fact fact fact fact fact fact fact fact fact fact fact fact fact fact fact fact fact fact fact fact fact fact fact fact fact fact fact,1,real article fact fact fact fact fact fact fact fact fact fact fact fact fact fact fact fact fact fact fact fact fact fact fact fact fact fact fact fact fact fact fact fact fact fact fact fact fact fact fact fact
real article 64 fact fact fact fact fact fact fact fact fact fact fact fact fact fact fact fact fact fact fact fact fact fact fact fact fact fact fact fact fact fact fact fact fact fact fact fact fact fact fact fact,1,real article fact fact fact fact fact fact fact fact fact fact fact fact fact fact fact fact fact fact fact fact fact fact fact fact fact fact fact fact fact fact fact fact fact fact fact fact fact fact fact fact
fake article 48 word word word word word word word word word word word word word word word word word word word word word word word word word word word word word word word word word word word word word word word word,0,fake article word word word word word word word word word word word word word word word word word word word word word word word word word word word word word word word word word word word word word word word word
real article 96 fact fact fact fact fact fact fact fact fact fact fact fact fact fact fact fact fact fact fact fact fact fact fact fact fact fact fact fact fact fact fact fact fact fact fact fact fact fact fact fact,1,real article fact fact fact fact fact fact fact fact fact fact fact fact fact fact fact fact fact fact fact fact fact fact fact fact fact fact fact fact fact fact fact fact fact fact fact fact fact fact fact fact
real article 24 fact fact fact fact fact fact fact fact fact fact fact fact fact fact fact fact fact fact fact fact fact fact fact fact fact fact fact fact fact fact fact fact fact fact fact fact fact fact fact fact,1,real article fact fact fact fact fact fact fact fact fact fact fact fact fact fact fact fact fact fact fact fact fact fact fact fact fact fact fact fact fact fact fact fact fact fact fact fact fact fact fact fact
real article 37 fact fact fact fact fact fact fact fact fact fact fact fact fact fact fact fact fact fact fact fact fact fact fact fact fact fact fact fact fact fact fact fact fact fact fact fact fact fact fact fact,1,real article fact fact fact fact fact fact fact fact fact fact fact fact fact fact fact fact fact fact fact fact fact fact fact fact fact fact fact fact fact fact fact fact fact fact fact fact fact fact fact fact
fake article 56 word word word word word word word word word word word word word word word word word word word word word word word word word word word word word word word word word word word word word word word word,0,fake article word word word word word word word word word word word word word word word word word word word word word word word word word word word word word word word word word word word word word word word word
real article 45 fact fact fact fact fact fact fact fact fact fact fact fact fact fact fact fact fact fact fact fact fact fact fact fact fact fact fact fact fact fact fact fact fact fact fact fact fact fact fact fact,1,real article fact fact fact fact fact fact fact fact fact fact fact fact fact fact fact fact fact fact fact fact fact fact fact fact fact fact fact fact fact fact fact fact fact fact fact fact fact fact fact fact
fake article 36 word word word word word word word word word word word word word word word word word word word word word word word word word word word word word word word word word word word word word word word word,0,fake article word word word word word word word word word word word word word word word word word word word word word word word word word word word word word word word word word word word word word word word word
fake article 63 word word word word word word word word word word word word word word word word word word word word word word word word word word word word word word word word word word word word word word word word,0,fake article word word word word word word word word word word word word word word word word word word word word word word word word word word word word word word word word word word word word word word word word
real article 31 fact fact fact fact fact fact fact fact fact fact fact fact fact fact fact fact fact fact fact fact fact fact fact fact fact fact fact fact fact fact fact fact fact fact fact fact fact fact fact fact,1,real article fact fact fact fact fact fact fact fact fact fact fact fact fact fact fact fact fact fact fact fact fact fact fact fact fact fact fact fact fact fact fact fact fact fact fact fact fact fact fact fact
fake article 77 word word word word word word word word word word word word word word word word word word word word word word word word word word word word word word word word word word word word word word word word,0,fake article word word word word word word word word word word word word word word word word word word word word word word word word word word word word word word word word word word word word word word word word
fake article 55 word word word word word word word word word word word word word word word word word word word word word word word word word word word word word word word word word word word word word word word word,0,fake article word word word word word word word word word word word word word word word word word word word word word word word word word word word word word word word word word word word word word word word word
real article 58 fact fact fact fact fact fact fact fact fact fact fact fact fact fact fact fact fact fact fact fact fact fact fact fact fact fact fact fact fact fact fact fact fact fact fact fact fact fact fact fact,1,real article fact fact fact fact fact fact fact fact fact fact fact fact fact fact fact fact fact fact fact fact fact fact fact fact fact fact fact fact fact fact fact fact fact fact fact fact fact fact fact fact
fake article 81 word word word word word word word word word word word word word word word word word word word word word word word word word word word word word word word word word word word word word word word word,0,fake article word word word word word word word word word word word word word word word word word word word word word word word word word word word word word word word word word word word word word word word word
fake article 49 word word word word word word word word word word word word word word word word word word word word word word word word word word word word word word word word word word word word word word word word,0,fake article word word word word word word word word word word word word word word word word word word word word word word word word word word word word word word word word word word word word word word word word
real article 1 fact fact fact fact fact fact fact fact fact fact fact fact fact fact fact fact fact fact fact fact fact fact fact fact fact fact fact fact fact fact fact fact fact fact fact fact fact fact fact fact,1,real article fact fact fact fact fact fact fact fact fact fact fact fact fact fact fact fact fact fact fact fact fact fact fact fact fact fact fact fact fact fact fact fact fact fact fact fact fact fact fact fact
real article 17 fact fact fact fact fact fact fact fact fact fact fact fact fact fact fact fact fact fact fact fact fact fact fact fact fact fact fact fact fact fact fact fact fact fact fact fact fact fact fact fact,1,real article fact fact fact fact fact fact fact fact fact fact fact fact fact fact fact fact fact fact fact fact fact fact fact fact fact fact fact fact fact fact fact fact fact fact fact fact fact fact fact fact
fake article 59 word word word word word word word word word word word word word word word word word word word word word word word word word word word word word word word word word word word word word word word word,0,fake article word word word word word word word word word word word word word word word word word word word word word word word word word word word word word word word word word word word word word word word word
real article 89 fact fact fact fact fact fact fact fact fact fact fact fact fact fact fact fact fact fact fact fact fact fact fact fact fact fact fact fact fact fact fact fact fact fact fact fact fact fact fact fact,1,real article fact fact fact fact fact fact fact fact fact fact fact fact fact fact fact fact fact fact fact fact fact fact fact fact fact fact fact fact fact fact fact fact fact fact fact fact fact fact fact fact
real article 65 fact fact fact fact fact fact fact fact fact fact fact fact fact fact fact fact fact fact fact fact fact fact fact fact fact fact fact fact fact fact fact fact fact fact fact fact fact fact fact fact,1,real article fact fact fact fact fact fact fact fact fact fact fact fact fact fact fact fact fact fact fact fact fact fact fact fact fact fact fact fact fact fact fact fact fact fact fact fact fact fact fact fact
real article 15 fact fact fact fact fact fact fact fact fact fact fact fact fact fact fact fact fact fact fact fact fact fact fact fact fact fact fact fact fact fact fact fact fact fact fact fact fact fact fact fact,1,real article fact fact fact fact fact fact fact fact fact fact fact fact fact fact fact fact fact fact fact fact fact fact fact fact fact fact fact fact fact fact fact fact fact fact fact fact fact fact fact fact
fake article 84 word word word word word word word word word word word word word word word word word word word word word word word word word word word word word word word word word word word word word word word word,0,fake article word word word word word word word word word word word word word word word word word word word word word word word word word word word word word word word word word word word word word word word word
fake article 58 word word word word word word word word word word word word word word word word word word word word word word word word word word word word word word word word word word word word word word word word,0,fake article word word word word word word word word word word word word word word word word word word word word word word word word word word word word word word word word word word word word word word word word
fake article 19 word word word word word word word word word word word word word word word word word word word word word word word word word word word word word word word word word word word word word word word word,0,fake article word word word word word word word word word word word word word word word word word word word word word word word word word word word word word word word word word word word word word word word word
real article 98 fact fact fact fact fact fact fact fact fact fact fact fact fact fact fact fact fact fact fact fact fact fact fact fact fact fact fact fact fact fact fact fact fact fact fact fact fact fact fact fact,1,real article fact fact fact fact fact fact fact fact fact fact fact fact fact fact fact fact fact fact fact fact fact fact fact fact fact fact fact fact fact fact fact fact fact fact fact fact fact fact fact fact
fake article 52 word word word word word word word word word word word word word word word word word word word word word word word word word word word word word word word word word word word word word word word word,0,fake article word word word word word word word word word word word word word word word word word word word word word word word word word word word word word word word word word word word word word word word word
fake article 79 word word word word word word word word word word word word word word word word word word word word word word word word word word word word word word word word word word word word word word word word,0,fake article word word word word word word word word word word word word word word word word word word word word word word word word word word word word word word word word word word word word word word word word
real article 66 fact fact fact fact fact fact fact fact fact fact fact fact fact fact fact fact fact fact fact fact fact fact fact fact fact fact fact fact fact fact fact fact fact fact fact fact fact fact fact fact,1,real article fact fact fact fact fact fact fact fact fact fact fact fact fact fact fact fact fact fact fact fact fact fact fact fact fact fact fact fact fact fact fact fact fact fact fact fact fact fact fact fact
real article 55 fact fact fact fact fact fact fact fact fact fact fact fact fact fact fact fact fact fact fact fact fact fact fact fact fact fact fact fact fact fact fact fact fact fact fact fact fact fact fact fact,1,real article fact fact fact fact fact fact fact fact fact fact fact fact fact fact fact fact fact fact fact fact fact fact fact fact fact fact fact fact fact fact fact fact fact fact fact fact fact fact fact fact
real article 0 fact fact fact fact fact fact fact fact fact fact fact fact fact fact fact fact fact fact fact fact fact fact fact fact fact fact fact fact fact fact fact fact fact fact fact fact fact fact fact fact,1,real article fact fact fact fact fact fact fact fact fact fact fact fact fact fact fact fact fact fact fact fact fact fact fact fact fact fact fact fact fact fact fact fact fact fact fact fact fact fact fact fact
real article 76 fact fact fact fact fact fact fact fact fact fact fact fact fact fact fact fact fact fact fact fact fact fact fact fact fact fact fact fact fact fact fact fact fact fact fact fact fact fact fact fact,1,real article fact fact fact fact fact fact fact fact fact fact fact fact fact fact fact fact fact fact fact fact fact fact fact fact fact fact fact fact fact fact fact fact fact fact fact fact fact fact fact fact
fake article 23 word word word word word word word word word word word word word word word word word word word word word word word word word word word word word word word word word word word word word word word word,0,fake article word word word word word word word word word word word word word word word word word word word word word word word word word word word word word word word word word word word word word word word word
real article 44 fact fact fact fact fact fact fact fact fact fact fact fact fact fact fact fact fact fact fact fact fact fact fact fact fact fact fact fact fact fact fact fact fact fact fact fact fact fact fact fact,1,real article fact fact fact fact fact fact fact fact fact fact fact fact fact fact fact fact fact fact fact fact fact fact fact fact fact fact fact fact fact fact fact fact fact fact fact fact fact fact fact fact
fake article 8 word word word word word word word word word word word word word word word word word word word word word word word word word word word word word word word word word word word word word word word word,0,fake article word word word word word word word word word word word word word word word word word word word word word word word word word word word word word word word word word word word word word word word word
real article 22 fact fact fact fact fact fact fact fact fact fact fact fact fact fact fact fact fact fact fact fact fact fact fact fact fact fact fact fact fact fact fact fact fact fact fact fact fact fact fact fact,1,real article fact fact fact fact fact fact fact fact fact fact fact fact fact fact fact fact fact fact fact fact fact fact fact fact fact fact fact fact fact fact fact fact fact fact fact fact fact fact fact fact
real article 19 fact fact fact fact fact fact fact fact fact fact fact fact fact fact fact fact fact fact fact fact fact fact fact fact fact fact fact fact fact fact fact fact fact fact fact fact fact fact fact fact,1,real article fact fact fact fact fact fact fact fact fact fact fact fact fact fact fact fact fact fact fact fact fact fact fact fact fact fact fact fact fact fact fact fact fact fact fact fact fact fact fact fact
real article 91 fact fact fact fact fact fact fact fact fact fact fact fact fact fact fact fact fact fact fact fact fact fact fact fact fact fact fact fact fact fact fact fact fact fact fact fact fact fact fact fact,1,real article fact fact fact fact fact fact fact fact fact fact fact fact fact fact fact fact fact fact fact fact fact fact fact fact fact fact fact fact fact fact fact fact fact fact fact fact fact fact fact fact
real article 51 fact fact fact fact fact fact fact fact fact fact fact fact fact fact fact fact fact fact fact fact fact fact fact fact fact fact fact fact fact fact fact fact fact fact fact fact fact fact fact fact,1,real article fact fact fact fact fact fact fact fact fact fact fact fact fact fact fact fact fact fact fact fact fact fact fact fact fact fact fact fact fact fact fact fact fact fact fact fact fact fact fact fact
real article 11 fact fact fact fact fact fact fact fact fact fact fact fact fact fact fact fact fact fact fact fact fact fact fact fact fact fact fact fact fact fact fact fact fact fact fact fact fact fact fact fact,1,real article fact fact fact fact fact fact fact fact fact fact fact fact fact fact fact fact fact fact fact fact fact fact fact fact fact fact fact fact fact fact fact fact fact fact fact fact fact fact fact fact
real article 85 fact fact fact fact fact fact fact fact fact fact fact fact fact fact fact fact fact fact fact fact fact fact fact fact fact fact fact fact fact fact fact fact fact fact fact fact fact fact fact fact,1,real article fact fact fact fact fact fact fact fact fact fact fact fact fact fact fact fact fact fact fact fact fact fact fact fact fact fact fact fact fact fact fact fact fact fact fact fact fact fact fact fact
real article 82 fact fact fact fact fact fact fact fact fact fact fact fact fact fact fact fact fact fact fact fact fact fact fact fact fact fact fact fact fact fact fact fact fact fact fact fact fact fact fact fact,1,real article fact fact fact fact fact fact fact fact fact fact fact fact fact fact fact fact fact fact fact fact fact fact fact fact fact fact fact fact fact fact fact fact fact fact fact fact fact fact fact fact
fake article 30 word word word word word word word word word word word word word word word word word word word word word word word word word word word word word word word word word word word word word word word word,0,fake article word word word word word word word word word word word word word word word word word word word word word word word word word word word word word word word word word word word word word word word word
fake article 9 word word word word word word word word word word word word word word word word word word word word word word word word word word word word word word word word word word word word word word word word,0,fake article word word word word word word word word word word word word word word word word word word word word word word word word word word word word word word word word word word word word word word word word
fake article 65 word word word word word word word word word word word word word word word word word word word word word word word word word word word word word word word word word word word word word word word word,0,fake article word word word word word word word word word word word word word word word word word word word word word word word word word word word word word word word word word word word word word word word word
fake article 67 word word word word word word word word word word word word word word word word word word word word word word word word word word word word word word word word word word word word word word word word,0,fake article word word word word word word word word word word word word word word word word word word word word word word word word word word word word word word word word word word word word word word word word
real article 99 fact fact fact fact fact fact fact fact fact fact fact fact fact fact fact fact fact fact fact fact fact fact fact fact fact fact fact fact fact fact fact fact fact fact fact fact fact fact fact fact,1,real article fact fact fact fact fact fact fact fact fact fact fact fact fact fact fact fact fact fact fact fact fact fact fact fact fact fact fact fact fact fact fact fact fact fact fact fact fact fact fact fact
real article 23 fact fact fact fact fact fact fact fact fact fact fact fact fact fact fact fact fact fact fact fact fact fact fact fact fact fact fact fact fact fact fact fact fact fact fact fact fact fact fact fact,1,real article fact fact fact fact fact fact fact fact fact fact fact fact fact fact fact fact fact fact fact fact fact fact fact fact fact fact fact fact fact fact fact fact fact fact fact fact fact fact fact fact
real article 50 fact fact fact fact fact fact fact fact fact fact fact fact fact fact fact fact fact fact fact fact fact fact fact fact fact fact fact fact fact fact fact fact fact fact fact fact fact fact fact fact,1,real article fact fact fact fact fact fact fact fact fact fact fact fact fact fact fact fact fact fact fact fact fact fact fact fact fact fact fact fact fact fact fact fact fact fact fact fact fact fact fact fact
fake article 1 word word word word word word word word word word word word word word word word word word word word word word word word word word word word word word word word word word word word word word word word,0,fake article word word word word word word word word word word word word word word word word word word word word word word word word word word word word word word word word word word word word word word word word
real article 41 fact fact fact fact fact fact fact fact fact fact fact fact fact fact fact fact fact fact fact fact fact fact fact fact fact fact fact fact fact fact fact fact fact fact fact fact fact fact fact fact,1,real article fact fact fact fact fact fact fact fact fact fact fact fact fact fact fact fact fact fact fact fact fact fact fact fact fact fact fact fact fact fact fact fact fact fact fact fact fact fact fact fact
